Product Name,Prices,Description,Reviews
Apple MacBook AIR Apple M2 - (8 GB/256 GB SSD/Mac OS Monterey) MLY33HN/A,"₹73,990",None,4.7
Acer Chromebook Plus Google AI Intel Core i3 N305 - (8 GB/256 GB SSD/Chrome OS) CB514-4H-39T7 Chromebo...,"₹18,990",None,3.8
"ASUS Vivobook 15, with Backlit Keyboard, Intel Core i3 12th Gen 1215U - (8 GB/512 GB SSD/Windows 11 Ho...","₹32,990",None,4.3
Lenovo IdeaPad 1 AMD Ryzen 7 Octa Core 5700U - (16 GB/512 GB SSD/Windows 11 Home) 15ALC7 Thin and Ligh...,"₹41,990",None,4.2
Lenovo IdeaPad Slim 1 AMD Ryzen 5 Hexa Core 5500U - (16 GB/512 GB SSD/Windows 11 Home) 15ALC7 Thin and...,"₹36,990",None,4.2
Lenovo LOQ AMD Ryzen 5 Quad Core 7235HS - (24 GB/512 GB SSD/Windows 11 Home/6 GB Graphics/NVIDIA GeFor...,"₹60,990",None,4.4
SAMSUNG Galaxy Book4 Metal Intel Core i3 13th Gen 1315U - (8 GB/512 GB SSD/Windows 11 Home) NP750XGJ-L...,"₹40,990",None,4.5
DELL Inspiron 3520 Intel Core i3 12th Gen 1215U - (8 GB/512 GB SSD/Windows 11 Home) New Inspiron 15 La...,"₹34,370",None,4.2
Apple MacBook AIR Apple M2 - (8 GB/256 GB SSD/Mac OS Monterey) MLXY3HN/A,"₹73,990",None,4.7
Acer Aspire 3 Intel Celeron Dual Core N4500 - (8 GB/512 GB SSD/Windows 11 Home) A324-45 Thin and Light...,"₹20,990",None,3.9
Apple MacBook AIR Apple M2 - (8 GB/256 GB SSD/Mac OS Monterey) MLXW3HN/A,"₹73,990",None,4.7
Lenovo IdeaPad 1 Intel Celeron Dual Core N4020 - (8 GB/512 GB SSD/Windows 11 Home) 14IGL7 Thin and Lig...,"₹24,649",None,4.2
Lenovo V14 Intel Core i5 12th Gen 1235U - (8 GB/512 GB SSD/Windows 11 Home) V14 ITL G2 Thin and Light ...,"₹35,099",None,4.1
Apple MacBook AIR Apple M2 - (8 GB/256 GB SSD/Mac OS Monterey) MLY13HN/A,"₹73,990",None,4.7
Infinix Y3 Max Series Intel Core i3 12th Gen 1215U - (16 GB/512 GB SSD/Windows 11 Home) YL613 Thin and...,"₹25,990",None,4.3
HP Backlit Intel Core i5 12th Gen 1235U - (8 GB/512 GB SSD/Windows 11 Home) 15s-fy5002TU Thin and Ligh...,"₹46,490",None,4.2
Lenovo IdeaPad Slim 3 Intel Core i5 12th Gen 12450H - (8 GB/512 GB SSD/Windows 11 Home) 14IAH8 Thin an...,"₹43,990",None,4.1
DELL 15 AMD Ryzen 3 Quad Core 7320U - (8 GB/512 GB SSD/Windows 11 Home) Inspiron 3535 Thin and Light L...,"₹29,990",None,4.3
HP AMD Athlon Dual Core - (8 GB/256 GB SSD/Windows 11 Home) 255 Laptop,"₹22,218",None,4
Lenovo IdeaPad Slim 3 Intel Core i3 12th Gen 1215U - (8 GB/512 GB SSD/Windows 11 Home) 15IAU7 Thin and...,"₹31,990",None,4.3
ASUS Vivobook 15 Intel Core i5 12th Gen 1235U - (8 GB/512 GB SSD/Windows 11 Home) X1504ZA-NJ527WS|X150...,"₹42,990",None,4.2
ASUS Vivobook 15 Intel Core i3 12th Gen 1215U - (8 GB/512 GB SSD/Windows 11 Home) X1504ZA-NJ322WS Thin...,"₹32,990",None,4.3
HP Intel Core i5 13th Gen 1334U - (16 GB/512 GB SSD/Windows 11 Home) 15-fd0221TU Thin and Light Laptop,"₹54,990",None,4.1
DELL Vostro Intel Core i3 12th Gen 1215U - (8 GB/512 GB SSD/Windows 11 Home) Vostro 3520 Thin and Ligh...,"₹31,720",None,4.2
HP (15s-fq5007TU) Intel Core i3 12th Gen 1215U - (8 GB/512 GB SSD/Windows 11 Home) 15s-fq5327TU Thin a...,"₹37,000",None,4.1
ASUS Chromebook Intel Celeron Dual Core N4500 - (4 GB/128 GB EMMC Storage/Chrome OS) CX1500CKA-NJ0413 ...,"₹17,990",None,3
HP Intel Core i5 13th Gen 1334U - (16 GB/512 GB SSD/Windows 11 Home) 15-fd0221TU Thin and Light Laptop,"₹54,990",None,4
DELL Vostro Intel Core i3 12th Gen 1215U - (8 GB/512 GB SSD/Windows 11 Home) Vostro 3520 Thin and Ligh...,"₹31,720",None,4.3
DELL Intel Core i3 12th Gen 1215U - (8 GB/512 GB SSD/Windows 11 Home) Inspiron 3520 Thin and Light Lap...,"₹32,680",None,5
Acer Aspire 7 Intel Core i5 12th Gen 12450H - (16 GB/512 GB SSD/Windows 11 Home/4 GB Graphics/NVIDIA G...,"₹54,990",None,5
ASUS Vivobook 15 Intel Core i3 12th Gen 1215U - (16 GB/512 GB SSD/Windows 11 Home) X1504ZA-NJ342WS Thi...,"₹36,990",None,4.5
"DELL Inspiron 15 with Backlit Keyboard, Intel Core i5 13th Gen 1334U - (16 GB/512 GB SSD/Windows 11 Ho...","₹54,200",None,5
HP AMD Ryzen 5 Hexa Core 5500U - (16 GB/512 GB SSD/Windows 11 Home) 15s-eq2305AU Thin and Light Laptop,"₹40,990",None,5
ZEBRONICS Pro Series Z Intel Core i5 12th Gen 1235U - (8 GB/512 GB SSD/Windows 11 Home) ZEB-NBC 4S Thi...,"₹27,990",None,4.2
ASUS TUF Gaming F17 - AI Powered Gaming Intel Core i5 11th Gen 11400H - (16 GB/512 GB SSD/Windows 11 H...,"₹50,990",None,4
DELL Intel Core i5 13th Gen 1334U - (8 GB/512 GB SSD/Windows 11 Home) Inspiron 3530 Thin and Light Lap...,"₹48,390",None,1
Lenovo V15 AMD Ryzen 3 Quad Core 7320U - (8 GB/512 GB SSD/Windows 11 Home) V15 G4 AMN 1 Thin and Light...,"₹28,490",None,4.2
HP Laptop Intel Core i3 12th Gen 1215U - (8 GB/256 GB SSD/Windows 11 Home) 15s-fy5010TU Thin and Light...,"₹32,990",None,4
CHUWI Intel Core i5 10th Gen 1035G1 - (16 GB/512 GB SSD/Windows 11 Home) CoreBook X Grey Laptop,"₹25,990",None,1
ASUS Vivobook Go 15 AMD Ryzen 3 Quad Core 7320U - (8 GB/512 GB SSD/Windows 11 Home) E1504FA-NJ321WS Th...,"₹30,980",None,4.2
Primebook Wifi MediaTek MT8183 - (4 GB/64 GB EMMC Storage/Prime OS) PB Wifi Thin and Light Laptop,"₹10,990",None,3.8
HP 15 (2024) AMD Ryzen 3 Quad Core 7320U - (8 GB/512 GB SSD/Windows 11 Home) 15-fc0154AU Thin and Ligh...,"₹32,490",None,4.1
SAMSUNG Galaxy Book4 Intel Core i7 13th Gen 1355U - (16 GB/512 GB SSD/Windows 11 Home) NP750XGJ-KG3IN ...,"₹69,990",None,4.2
Acer Aspire 3 Intel Core i3 12th Gen N305 - (16 GB/512 GB SSD/Windows 11 Home) A324-31 Thin and Light ...,"₹29,990",None,4.2
HP AMD Athlon Dual Core - (8 GB/256 GB SSD/Windows 11 Home) 255 Laptop,"₹22,708",None,4.2
Lenovo AMD Ryzen 3 Quad Core 7330U - (8 GB/512 GB SSD/Windows 11 Home) ThinkBook 15 G5 Thin and Light ...,"₹31,990",None,4.3
HP 15s Intel Core i3 13th Gen 1315U - (8 GB/512 GB SSD/Windows 11 Home) 15-fd0006TU Thin and Light Lap...,"₹39,990",None,4.2
HP G8 Intel Core i3 12th Gen 12 gen - (16 GB/512 GB SSD/Windows 11 Pro) 250G8 Business Laptop,"₹34,230",None,4.3
ASUS Expertbook Intel Core i7 12th Gen 1255U - (16 GB/512 GB SSD/Windows 11 Home) B1402CBA-NK2417WS Th...,"₹50,990",None,3.9
Lenovo IdeaPad Slim 3 Intel Core i5 12th Gen 12450H - (8 GB/512 GB SSD/Windows 11 Home) 15IAH8 Thin an...,"₹45,990",None,4.3
Lenovo Intel Core i7 12th Gen 1255U - (16 GB/512 GB SSD/Windows 11 Home) V15 G3 IAP Thin and Light Lap...,"₹50,990",None,4.2
Lenovo AMD Ryzen 7 Octa Core 7730U - (16 GB/512 GB SSD/Windows 11 Home) V15 G4 Thin and Light Laptop,"₹39,990",None,4.2
Lenovo IdeaPad 3 Intel Core i3 12th Gen 1215U - (8 GB/512 GB SSD/Windows 11 Home) 15IAU7 Thin and Ligh...,"₹33,250",None,4.2
DELL Intel Core i3 13th Gen 1305U - (8 GB/512 GB SSD/Windows 11 Home) Inspiron 3530 Thin and Light Lap...,"₹38,240",None,4.1
Acer Aspire Lite Intel Core i3 12th Gen 1215U - (16 GB/512 GB SSD/Windows 11 Home) AL15-52 Thin and Li...,"₹31,990",None,4.2
ASUS TUF Gaming F15 Intel Core i5 12th Gen 12500H - (16 GB/512 GB SSD/Windows 11 Home/4 GB Graphics/NV...,"₹67,990",None,4.2
HP Pavilion Intel Core i5 12th Gen 1235U - (16 GB/512 GB SSD/Windows 11 Home) 14-dv2014TU Thin and Lig...,"₹59,990",None,4.2
HP 15s AMD Ryzen 3 Quad Core 7320U - (8 GB/512 GB SSD/Windows 11 Home) 15-fc0026AU Thin and Light Lapt...,"₹32,990",None,4.5
Acer Swift Go 14 AMD Ryzen 5 Hexa Core 7430U - (16 GB/512 GB SSD/Windows 11 Home) SFG14-41-R6G9 Thin a...,"₹42,990",None,4.1
Thomson NEO Core Series Intel Core i5 12th Gen 1235U - (16 GB/512 GB SSD/Windows 11 Home) IN-N15I Thin...,"₹32,990",None,4
Lenovo V14 Intel Core i5 12th Gen 1235U - (16 GB/512 GB SSD/Windows 11 Home) V 14 Thin and Light Lapto...,"₹37,459",None,4.1
Lenovo Chromebook MediaTek Kompanio 520 - (8 GB/128 GB EMMC Storage/Chrome OS) 14M868 Chromebook,"₹19,990",None,4.1
Acer Aspire 3 Intel Core i3 13th Gen 1305U - (8 GB/512 GB SSD/Windows 11 Home) A324-53 Thin and Light ...,"₹32,990",None,4
Acer Aspire 3 Intel Celeron Dual Core N4500 - (8 GB/256 GB SSD/Windows 11 Home) A324-45 Thin and Light...,"₹19,990",None,4.2
ASUS Vivobook Go 15 AMD Ryzen 5 Quad Core 7520U - (8 GB/512 GB SSD/Windows 11 Home) E1504FA-NJ522WS Th...,"₹35,900",None,3
ASUS Vivobook Go 15 AMD Ryzen 3 Quad Core 7320U - (8 GB/512 GB SSD/Windows 11 Home) E1504FA-NJ322WS Th...,"₹30,990",None,3
ASUS Vivobook 15 Intel Core i5 12th Gen 1235U - (8 GB/512 GB SSD/Windows 11 Home) X1504ZA-NJ521WS|X150...,"₹42,990",None,4.2
Lenovo IdeaPad Slim 3 Intel Core i5 13th Gen 13420H - (16 GB/512 GB SSD/Windows 11 Home) 15IRH8 Thin a...,"₹55,990",None,3
MSI Modern 15 Intel Core i3 12th Gen 1215U - (8 GB/512 GB SSD/Windows 11 Home) Modern 15 B12MO-613IN T...,"₹33,990",None,4
Acer One 11 Intel Celeron Dual Core N4500 - (8 GB/256 GB SSD/Windows 11 Home) AO 11 Z8-284 Thin and Li...,"₹17,990",None,3.8
"DELL Inspiron 15 with Backlit Keyboard, Intel Core i7 13th Gen 1355U - (16 GB/512 GB SSD/Windows 11 Ho...","₹66,999",None,4
Lenovo IdeaPad 3 Intel Core i3 12th Gen 1215U - (16 GB/512 GB SSD/Windows 11 Home) 14IAU7 Thin and Lig...,"₹57,790",None,4
HP Intel Core i3 12th Gen 1215U - (8 GB/512 GB SSD/Windows 11 Home) 15s-fy5006TU Thin and Light Laptop,"₹35,990",None,4.1
ASUS Vivobook 15 Intel Core i5 12th Gen 1235U - (16 GB/512 GB SSD/Windows 11 Home) X1502ZA-EJ545WS Thi...,"₹47,990",None,4
HP 15s Intel Core i5 12th Gen 1235U - (16 GB/512 GB SSD/Windows 11 Home) 15s-fq5112TU Thin and Light L...,"₹49,472",None,3
HP 15s AMD Ryzen 3 Quad Core 5300U - (8 GB/512 GB SSD/Windows 11 Home) 15s-eq2143au Thin and Light Lap...,"₹31,999",None,4.1
Acer Aspire Lite AMD Ryzen 3 Quad Core 5300U - (8 GB/512 GB SSD/Windows 11 Home) AL15-41 Thin and Ligh...,"₹26,990",None,5
SAMSUNG Galaxy Book4 Intel Core i5 13th Gen 1335U - (8 GB/512 GB SSD/Windows 11 Home) NP750XGJ-KG1IN /...,"₹57,990",None,1
Infinix Y4 Max Series Intel Core i3 13th Gen 1315U - (8 GB/512 GB SSD/Windows 11 Home) YL613 Thin and ...,"₹29,990",None,4.1
ASUS Vivobook Go 15 OLED AMD Ryzen 5 Quad Core 7520U - (16 GB/512 GB SSD/Windows 11 Home) E1504FA-LK54...,"₹50,990",None,4.2
Lenovo LOQ AMD Ryzen 7 Octa Core 7435HS - (24 GB/512 GB SSD/Windows 11 Home/8 GB Graphics/NVIDIA GeFor...,"₹91,190",None,4.1
Acer Aspire Lite AMD Ryzen 5 Hexa Core 5625U - (16 GB/1 TB SSD/Windows 11 Home) AL15-41 Thin and Light...,"₹37,990",None,4.2
Lenovo V15 AMD Ryzen 7 Octa Core 7730U - (16 GB/512 GB SSD/Windows 11 Home) v15 G4 Business Laptop,"₹39,490",None,4.4
Ultimus PRO Intel Celeron Dual Core Celeron - (4 GB/128 GB/128 GB SSD/Windows 11 Home) NU14U4INC43BN-S...,"₹11,990",None,4.2
ASUS TUF Gaming A15 AMD Ryzen 5 Hexa Core 7535HS - (16 GB/512 GB SSD/Windows 11 Home/4 GB Graphics/NVI...,"₹58,990",None,4.1
Lenovo Yoga Slim 6 WUXGA OLED Intel Core i5 13th Gen 13500H - (16 GB/512 GB SSD/Windows 11 Home) 14IRH...,"₹72,990",None,4.4
"ASUS Vivobook 15, with Backlit Keyboard, Intel Core i5 12th Gen 1235U - (16 GB/512 GB SSD/Windows 11 H...","₹47,990",None,4.3
HP 15s Intel Core i3 12th Gen 1215U - (8 GB/512 GB SSD/Windows 11 Home) 15s-fy5003TU Thin and Light La...,"₹37,490",None,4.3
ASUS Vivobook Go 15 AMD Ryzen 5 Quad Core 7520U - (8 GB/512 GB SSD/Windows 11 Home) E1504FA-NJ521WS Th...,"₹35,990",None,4.2
MSI Modern 15 AMD Ryzen 5 Hexa Core 7530U - (8 GB/512 GB SSD/Windows 11 Home) Modern 15 B7M-072IN Thin...,"₹39,990",None,4.3
"DELL Inspiron 15 3520 with Backlit Keyboard, Intel Core i5 12th Gen Core i5 - (16 GB/512 GB SSD/Window...","₹48,690",None,4.1
ASUS Vivobook 15 Intel Core i5 12th Gen 1235U - (16 GB/512 GB SSD/Windows 11 Home) X1504ZA-NJ549WS Thi...,"₹47,990",None,3.8
ZEBRONICS Pro Series Z Intel Core i5 12th Gen 1235U - (8 GB/512 GB SSD/Windows 11 Home) ZEB-NBC 4S Thi...,"₹27,990",None,4.2
Lenovo IdeaPad 5 2-in-1 WUXGA IPS AMD Ryzen 7 Octa Core 8845HS - (16 GB/512 GB SSD/Windows 11 Home) 14...,"₹77,690",None,4.1
ASUS TUF Gaming A15 AMD Ryzen 7 Octa Core 7435HS - (16 GB/512 GB SSD/Windows 11 Home/4 GB Graphics/NVI...,"₹65,990",None,4.2
ASUS TUF Gaming F15 - AI Powered Gaming Intel Core i5 11th Gen 11260H - (8 GB/512 GB SSD/Windows 11 Ho...,"₹55,990",None,4.2
Acer Chromebook Intel Celeron Dual Core N4500 - (8 GB/128 GB EMMC Storage/Chrome OS) CB314-3H-C5QE/ CB...,"₹13,990",None,4.2
ASUS Vivobook S14 OLED Intel EVO H-Series Intel Core i5 12th Gen 12500H - (16 GB/512 GB SSD/Windows 11...,"₹67,990",None,4.3
HP Laptop Intel Core i5 12th Gen 1235U - (8 GB/512 GB SSD/Windows 11 Home) 15s-fq5329TU Thin and Light...,"₹46,490",None,4.3
Lenovo IdeaPad Slim 1 AMD Ryzen 5 Quad Core 7520U - (8 GB/512 GB SSD/Windows 11 Home) 15AMN7 Thin and ...,"₹32,990",None,3.6
DELL AMD Ryzen 5 Dual Core 7520U - (8 GB/512 GB SSD/Windows 11 Home) Inspiron 3535 Thin and Light Lapt...,"₹34,890",None,4.2
"ASUS Vivobook 15, with Backlit Keyboard, Intel Core i5 12th Gen 1235U - (8 GB/512 GB SSD/Windows 11 Ho...","₹42,990",None,4.2
Acer Aspire 3 Intel Core i7 12th Gen 1255U - (16 GB/1 TB SSD/Windows 11 Home) A324-51 Thin and Light L...,"₹55,990",None,3.8
ASUS Vivobook 15X Intel Core i5 13th Gen 1335U - (16 GB/512 GB SSD/Windows 11 Home) K3504VAB-NJ541WS T...,"₹50,990",None,3
HP AMD Ryzen 5 Hexa Core 5500U - (8 GB/512 GB SSD/Windows 11 Home) 15s- eq2144au Thin and Light Laptop,"₹37,022",None,5
Lenovo IdeaPad Flex 5 AMD Ryzen 5 Hexa Core 7530U - (16 GB/512 GB SSD/Windows 11 Home) 14ABR8 2 in 1 L...,"₹60,389",None,4.1
MSI Thin 15 Intel Core i5 12th Gen 12450H - (16 GB/512 GB SSD/Windows 11 Home/4 GB Graphics/NVIDIA GeF...,"₹54,990",None,5
Lenovo IdeaPad Slim 3 Intel Core i5 12th Gen 12450H - (16 GB/512 GB SSD/Windows 11 Home) 14IAH8 Thin a...,"₹53,460",None,5
Acer Aspire Intel Core i3 13th Gen 1305U - (8 GB/512 GB SSD/Windows 11 Home) AL15-53 Notebook,"₹32,990",None,4.3
ASUS TUF Gaming A15 AMD Ryzen 7 Octa Core 7435HS - (16 GB/512 GB SSD/Windows 11 Home/4 GB Graphics/NVI...,"₹59,990",None,5
"ASUS Vivobook 16X for Creator, Intel Core i7 12th Gen 12700H - (16 GB/512 GB SSD/Windows 11 Home/4 GB ...","₹74,990",None,5
Lenovo IdeaPad Slim 1 Intel Celeron Dual Core N4020 - (8 GB/256 GB SSD/Windows 11 Home) 14IGL7 Thin an...,"₹25,490",None,3.6
ASUS Vivobook Go 15 OLED AMD Ryzen 3 Quad Core 7320U - (8 GB/512 GB SSD/Windows 11 Home) E1504FA-LK322...,"₹38,990",None,4
HP Chromebook Intel Celeron Dual Core N4120 - (4 GB/64 GB EMMC Storage/Chrome OS) 14a-ca0506TU Chromeb...,"₹28,788",None,4
DELL Intel Core i3 13th Gen - (8 GB/512 GB SSD/Windows 11 Home) 3530 Thin and Light Laptop,"₹37,480",None,4.2
Colorful Evol P15 Intel Core i7 13th Gen 13620H - (16 GB/512 GB SSD/Windows 11 Home/8 GB Graphics/NVID...,"₹83,990",None,5
HP Victus AMD Ryzen 5 Octa Core 5600H - (16 GB/512 GB SSD/Windows 11 Home/4 GB Graphics/AMD Radeon RX ...,"₹54,670",None,1
ASUS Vivobook S 15 OLED Intel EVO H-Series Intel Core i5 13th Gen 13500H - (16 GB/512 GB SSD/Windows 1...,"₹75,990",None,4.2
ASUS TUF Gaming F15 - AI Powered Gaming Intel Core i5 11th Gen 11260H - (8 GB/512 GB SSD/Windows 11 Ho...,"₹47,990",None,4.2
Acer Aspire Lite AMD Ryzen 5 Hexa Core 5625U - (16 GB/512 GB SSD/Windows 11 Home) AL15-41 Thin and Lig...,"₹35,990",None,4.1
ASUS TUF Gaming F15 - AI Powered Gaming Intel Core i5 11th Gen 11260H - (8 GB/512 GB SSD/Windows 11 Ho...,"₹47,990",None,4.2
HP 255 G9 AMD Ryzen 3 Dual Core R3 3250 - (8 GB/512 GB SSD/Windows 11 Home) 255 G8 Thin and Light Lapt...,"₹25,999",None,4.1
ASUS ExpertBook B14 Intel Core i3 12th Gen 1215U - (8 GB/512 GB SSD/Windows 11 Home) B1402CBA-NK1494WS...,"₹32,990",None,4.5
ASUS ROG Ally AMD Ryzen Z1 Octa Core Extreme - (16 GB/512 GB SSD/Windows 11 Home) RC71L-NH001W Handhel...,"₹39,990",None,4.2
HP 255 G9 Silver AMD Ryzen 5 Hexa Core AMD Ryzen5-5625U - (8 GB/512 GB SSD/Windows 11 Home) 255 G9 Bus...,"₹31,700",None,4.4
"Acer Aspire 3 with Backlit Keyboard, Intel Core i5 12th Gen 1235U - (16 GB/1 TB SSD/Windows 11 Home) A...","₹43,990",None,4.5
Lenovo Intel Core i3 12th Gen - (16 GB/512 GB SSD/Windows 11 Home) V14 Thin and Light Laptop,"₹32,490",None,4
Primebook S Wifi MediaTek MT8183 - (4 GB/128 GB EMMC Storage/Prime OS) PB S Wifi Thin and Light Laptop,"₹13,990",None,4
"ASUS Vivobook 15, with Backlit Keyboard, Intel Core i5 13th Gen 1335U - (8 GB/512 GB SSD/Windows 11 Ho...","₹45,990",None,3.5
ASUS Vivobook 14 Intel Core i3 13th Gen 1315U - (8 GB/512 GB SSD/Windows 11 Home) X1404VA-NK322WS Thin...,"₹36,990",None,4.4
HP Pavilion Intel Core i5 13th Gen 1340P - (16 GB/512 GB SSD/Windows 11 Home) 15-eg3079TU Thin and Lig...,"₹67,990",None,4.3
Lenovo AMD Ryzen 3 Octa Core - (8 GB/512 GB SSD/Windows 11 Home) G4 82YTA00XIN Laptop,"₹26,990",None,4.2
HP FQ Series Intel Core i3 12th Gen 1215U - (8 GB/1 TB SSD/Windows 11 Home) 15s-FQ5328TU Thin and Ligh...,"₹39,990",None,4.2
ASUS Vivobook S 15 OLED Intel Core i9 13th Gen 13900H - (16 GB/512 GB SSD/Windows 11 Home) S5504VA-MA9...,"₹91,990",None,4.2
CHUWI Intel Celeron Dual Core 11th Gen N4020 - (8 GB/256 GB SSD/Windows 11 Home) HeroBook Plus Laptop,"₹18,990",None,4.4
HP 250 G9 Intel Core i3 12th Gen Intel Core i3 1215U - (8 GB/512 GB SSD/Windows 11 Home) 250 G9 Busine...,"₹32,320",None,4.1
Lenovo IdeaPad 1 Intel Celeron Dual Core N4020 - (8 GB/512 GB SSD/Windows 11 Home) 14IGL7/ 15IGL7 Thin...,"₹25,490",None,4.2
Acer Aspire Lite AMD Ryzen 7 Octa Core 5700U - (16 GB/1 TB SSD/Windows 11 Home) AL15-41 Thin and Light...,"₹39,990",None,3.9
HP Pavilion 14 Touchscreen Intel Core i5 12th Gen 1235U - (16 GB/512 GB SSD/Windows 11 Home) Pavilion ...,"₹61,990",None,4
"Acer Aspire Lite with Backlit Keyboard, Intel Core i7 12th Gen 1255U - (16 GB/512 GB SSD/Windows 11 Ho...","₹46,990",None,4.4
Infinix X Air Pro+ Intel Core i5 13th Gen 1334U - (16 GB/512 GB SSD/Windows 11 Home) XL434 Thin and Li...,"₹49,990",None,3.7
HP 250R G9 (2024) Intel Core i3 13th Gen Intel Core i3 - 1315U (13th Gen) - (8 GB/512 GB SSD/Windows 1...,"₹31,999",None,4.5
ASUS Vivobook Go 15 OLED AMD Ryzen 5 Quad Core 7520U - (16 GB/512 GB SSD/Windows 11 Home) E1504FA-LK54...,"₹50,990",None,5
HP Intel Core i5 12th Gen 1235U - (16 GB/512 GB SSD/Windows 11 Home) 15s-fq5330TU|15-fd0111TU Thin and...,"₹50,990",None,1
Lenovo Chromebook MediaTek Kompanio 520 - (4 GB/128 GB EMMC Storage/Chrome OS) 14M868 Chromebook,"₹15,980",None,4.1
HP FQ Series Intel Core i3 12th Gen 1215U - (8 GB/1 TB SSD/Windows 11 Home) 15s-FQ5328TU Thin and Ligh...,"₹39,990",None,3
HP 14s Intel Core i3 11th Gen 1115G4 - (8 GB/512 GB SSD/Windows 11 Home) 14s - dy2508TU Thin and Light...,"₹35,876",None,3
HP Pavilion Intel Core i5 13th Gen 1340P - (16 GB/512 GB SSD/Windows 11 Home) 15-eg3079TU Thin and Lig...,"₹67,990",None,4.1
MSI Modern 15 Intel Core i3 12th Gen 1215U - (8 GB/512 GB SSD/Windows 11 Home) Modern 15 B12MO-613IN T...,"₹33,990",None,2
Acer Predator Neo Intel Core i5 13th Gen 13500HX - (16 GB/512 GB SSD/Windows 11 Home/6 GB Graphics/NVI...,"₹94,990",None,4
Lenovo IdeaPad Flex 5 Intel Core i5 12th Gen 1235U - (8 GB/512 GB SSD/Windows 11 Home) 14IAU7 2 in 1 L...,"₹60,900",None,4.2
HP Pavilion 14 Touchscreen Intel Core i5 12th Gen 1235U - (16 GB/512 GB SSD/Windows 11 Home) Pavilion ...,"₹61,990",None,5
ASUS Vivobook Go 14 AMD Ryzen 3 Quad Core 7320U - (8 GB/512 GB SSD/Windows 11 Home) E1404FA-NK321WS Th...,"₹30,899",None,5
Acer Aspire 3 Intel Core i3 12th Gen 1215U - (8 GB/512 GB SSD/Windows 11 Home) A324-51 Thin and Light ...,"₹29,990",None,3.7
Lenovo Intel Core i3 12th Gen - (16 GB/512 GB SSD/Windows 11 Home) V14 Thin and Light Laptop,"₹32,490",None,5
Acer Aspire Intel Core i3 13th Gen 1305U - (8 GB/512 GB SSD/Windows 11 Home) AL15-53 Notebook,"₹32,990",None,5
ASUS TUF Gaming F17 - AI Powered Gaming Intel Core i5 11th Gen 11400H - (8 GB/512 GB SSD/Windows 11 Ho...,"₹48,990",None,3.7
ASUS Vivobook 16 Intel Core i5 12th Gen 12500H - (16 GB/512 GB SSD/Windows 11 Home) X1605ZAC-MB540WS T...,"₹52,990",None,4.4
Lenovo IdeaPad 1 Intel Celeron Dual Core N4020 - (8 GB/512 GB SSD/Windows 11 Home) 14IGL7/ 15IGL7 Thin...,"₹25,490",None,4.1
"ASUS Vivobook 15, with Backlit Keyboard, Intel Core i5 12th Gen 1235U - (8 GB/512 GB SSD/Windows 11 Ho...","₹42,990",None,4
"DELL Inspiron 15 with Backlit Keyboard, Intel Core i7 13th Gen 1355U - (16 GB/512 GB SSD/Windows 11 Ho...","₹66,999",None,4.7
HP Victus Intel Core i5 12th Gen - (16 GB/512 GB SSD/Windows 11 Home/4 GB Graphics/NVIDIA GeForce RTX ...,"₹60,990",None,4.4
HP 250R G9 (2024) Intel Core i3 13th Gen Intel Core i3 - 1315U (13th Gen) - (8 GB/512 GB SSD/Windows 1...,"₹31,999",None,4.3
ASUS X1504ZA Intel Core i3 12th Gen 12th Gen Intel Core i3-1215U - (8 GB/512 GB SSD/Windows 11 Home) X...,"₹31,777",None,4.1
Lenovo IdeaPad Slim 3 Backlit Intel Core i5 12th Gen 12450H - (16 GB/512 GB SSD/Windows 11 Home) 15IAH...,"₹51,750",None,4.2
MSI Katana A15 AI AMD Ryzen 7 Octa Core 8845HS - (16 GB/512 GB SSD/Windows 11 Home/6 GB Graphics/NVIDI...,"₹99,990",None,4.2
HP G9 AMD Ryzen 5 Hexa Core 5th Gen 5625U - (16 GB/512 GB SSD/Windows 11 Home) 7B1L8PA Notebook,"₹33,890",None,4.3
Acer Swift Go 14 AMD Ryzen 7 Octa Core 7730U - (16 GB/512 GB SSD/Windows 11 Home) SFG14-41 Thin and Li...,"₹49,990",None,4.1
CHUWI Intel Celeron Dual Core 11th Gen N4020 - (8 GB/256 GB SSD/Windows 11 Home) HeroBook Plus Laptop,"₹18,990",None,4.4
MSI Modern 14 AMD Ryzen 7 Octa Core 7730U - (16 GB/512 GB SSD/Windows 11 Home) Modern 14 C7M-218IN Thi...,"₹51,990",None,4.2
"DELL Inspiron 15 with Backlit Keyboard, Intel Core i5 12th Gen 1235U - (8 GB/512 GB SSD/Windows 11 Hom...","₹46,790",None,4.3
"ASUS Vivobook 16X for Creator, Intel Core i5 12th Gen 12500H - (16 GB/512 GB SSD/Windows 11 Home/4 GB ...","₹59,990",None,4.1
Lenovo Legion 5 Intel Core i7 13th Gen 13650HX - (24 GB/512 GB SSD/Windows 11 Home/8 GB Graphics/NVIDI...,"₹1,22,690",None,4.4
Lenovo IdeaPad 5 Intel Core i5 13th Gen 13420H - (16 GB/512 GB SSD/Windows 11 Home) 14IRH9 2 in 1 Lapt...,"₹72,690",None,3.9
Lenovo AMD Ryzen 3 Octa Core - (8 GB/512 GB SSD/Windows 11 Home) G4 82YTA00XIN Laptop,"₹26,990",None,4.2
Acer Aspire Lite AMD Ryzen 3 Quad Core 5300U - (16 GB/512 GB SSD/Windows 11 Home) AL15-41 Thin and Lig...,"₹29,990",None,4.5
HP 250 G9 Intel Core i3 12th Gen Intel Core i3 1215U - (8 GB/512 GB SSD/Windows 11 Home) 250 G9 Busine...,"₹32,320",None,4.5
HP Intel Core i5 12th Gen 1235U - (16 GB/512 GB SSD/Windows 11 Home) 15s-fq5330TU|15-fd0111TU Thin and...,"₹50,990",None,4.6
HP FQ Series Intel Core i3 12th Gen 1215U - (8 GB/512 GB SSD/Windows 11 Home) 15s-FQ5326TU Thin and Li...,"₹35,890",None,4.3
"DELL Inspiron 15 with Backlit Keyboard, Intel Core i5 12th Gen 1235U - (8 GB/512 GB SSD/Windows 11 Hom...","₹46,480",None,4
Acer Swift Go 14 EVO OLED Intel Core i5 13th Gen 13500H - (16 GB/512 GB SSD/Windows 11 Home) SFG14-71-...,"₹59,990",None,4.2
Lenovo IdeaPad Slim 5 WUXGA OLED AI PC Intel Core Ultra 5 125H - (16 GB/1 TB SSD/Windows 11 Home) 14IM...,"₹77,889",None,3
DELL Latitude 3540 Intel Core i3 12th Gen - (8 GB/512 GB SSD/Ubuntu) Latitude 3540 Laptop,"₹30,890",None,4
Lenovo V15 Series AMD Ryzen 5 Quad Core 7520U - (8 GB/512 GB SSD/Windows 11 Home) V15 Thin and Light L...,"₹31,700",None,4.5
Acer One Intel Core i3 11th Gen 1115G4 - (8 GB/512 GB SSD/Windows 11 Home) AO 14 Z 8-415 Thin and Ligh...,"₹28,990",None,4
DELL core i5 Intel Core i5 12th Gen - (8 GB/512 GB SSD/Windows 11 Home) Inspiron 3520 / D560871WIN9B L...,"₹46,490",None,5
Apple Apple M3 - (16 GB/256 GB SSD/macOS Sequoia) MC8G4HN/A,"₹1,14,900",None,4.1
Primebook 4G Android Based MediaTek MT8788 - (4 GB/64 GB EMMC Storage/Prime OS) 4G Thin and Light Lapt...,"₹13,990",None,4
ASUS Vivobook Go 15 OLED AMD Ryzen 5 Quad Core 7520U - (16 GB/512 GB SSD/Windows 11 Home) E1504FA-LK54...,"₹50,990",None,1
Acer Swift Go 14 TouchScreen AI PC Intel Core Ultra 5 125H - (16 GB/512 GB SSD/Windows 11 Home) SFG14-...,"₹79,990",None,4.1
DELL Intel Core i3 13th Gen - (8 GB/512 GB SSD/Windows 11 Home) 3530 Thin and Light Laptop,"₹37,480",None,3
ASUS Vivobook 15 Intel Core i3 12th Gen 1215U - (8 GB/512 GB SSD/Windows 11 Home) X1502ZA-EJ953WS Thin...,"₹32,990",None,4
HP Victus gaming AMD Ryzen 5 Hexa Core 5600H - (8 GB/512 GB SSD/Windows 11 Home/4 GB Graphics/AMD Rade...,"₹49,990",None,4
MSI Modern 14 Intel Core i5 13th Gen 1335U - (16 GB/512 GB SSD/Windows 11 Home) Modern 14 C13M-436IN T...,"₹47,990",None,4
Lenovo LOQ Intel Core i5 13th Gen 13450HX - (16 GB/512 GB SSD/Windows 11 Home/6 GB Graphics/NVIDIA GeF...,"₹69,990",None,5
Lenovo IdeaPad Gaming 3 Intel Core i5 12th Gen 12450H - (16 GB/512 GB SSD/Windows 11 Home/4 GB Graphic...,"₹59,990",None,4.3
ASUS Intel Pentium Gold 7505 - (8 GB/256 GB SSD/Windows 11 Home) X1500EA-EJ111WS Laptop,"₹25,990",None,4
ASUS TUF Gaming F17 - AI Powered Gaming Intel Core i5 11th Gen 11400H - (8 GB/512 GB SSD/Windows 11 Ho...,"₹48,990",None,4.3
Lenovo IdeaPad Slim 5 WUXGA OLED AI PC Intel Core Ultra 5 125H - (16 GB/1 TB SSD/Windows 11 Home) 14IM...,"₹77,889",None,4.4
Acer Aspire 3 Backlit Intel Core i5 12th Gen 1235U - (16 GB/512 GB SSD/Windows 11 Home) A324-51 Thin a...,"₹42,990",None,4.1
MSI Cyborg 15 Intel Core i5 12th Gen 12450H - (16 GB/512 GB SSD/Windows 11 Home/4 GB Graphics/NVIDIA G...,"₹59,990",None,4.1
Acer Nitro V Intel Core i5 13th Gen 13420H - (16 GB/512 GB SSD/Windows 11 Home/6 GB Graphics/NVIDIA Ge...,"₹74,487",None,4.3
HP Spectre 16 Eyesafe Evo Intel Core i7 12th Gen 12700H - (16 GB/512 GB SSD/Windows 11 Home) 16-f1003T...,"₹1,33,499",None,4.1
ASUS Vivobook Go 15 OLED AMD Ryzen 5 Quad Core 7520U - (8 GB/512 GB SSD/Windows 11 Home) E1504FA-LK521...,"₹45,990",None,4.1
ASUS Vivobook Go 15 OLED AMD Ryzen 3 Quad Core 7320U - (8 GB/512 GB SSD/Windows 11 Home) E1504FA-LK321...,"₹38,990",None,3.9
ASUS AMD Ryzen 5 Quad Core - (8 GB/512 GB SSD/Windows 11 Home) E1404FA-NK522WS Thin and Light Laptop,"₹35,900",None,4.3
HP (2024) Intel Core i3 12th Gen 1215U - (8 GB/512 GB SSD/Windows 11 Home) 15-fd0061TU Thin and Light ...,"₹36,490",None,4.2
Infinix ZEROBOOK 13 Intel Intel Core i9 13th Gen 13900H - (32 GB/1 TB SSD/Windows 11 Home) ZL513 Thin ...,"₹86,133",None,4.2
Acer Aspire 3 Spin 14 Intel Core i3 13th Gen N305 - (8 GB/512 GB SSD/Windows 11 Home) A3SP14-31PT-3554...,"₹41,990",None,3.9
ASUS Vivobook 15 Intel Core i3 12th Gen 1215U - (16 GB/512 GB SSD/Windows 11 Home) X1504ZA-NJ341WS Thi...,"₹35,599",None,3.7
Lenovo IdeaPad 5 Intel Core i5 13th Gen 13420H - (16 GB/512 GB SSD/Windows 11 Home) 14IRH9 2 in 1 Lapt...,"₹72,690",None,4.2
HP 255 G9 AMD Ryzen 3 Dual Core 3250 - (8 GB/512 GB SSD/Windows 11 Home) 255 G8 Thin and Light Laptop,"₹25,899",None,4
ASUS Vivobook 15 Intel Core i5 12th Gen - (16 GB/512 GB SSD/Windows 11 Home) X1504ZA-NJ542WS Thin and ...,"₹46,990",None,4.1
HP Pro G10 Intel Core i7 13th Gen 1335U Turbo Boost Technoly - (32 GB/1 TB SSD/Windows 11 Pro/1 GB Gra...,"₹81,330",None,4
ASUS Vivobook Intel Core i3 12th Gen 1215U - (8 GB/512 GB SSD/Windows 11 Home) X1504ZA-NJ325WS Thin an...,"₹32,990",None,4.3
Acer Aspire Lite Intel Core i3 12th Gen 1215U - (8 GB/512 GB SSD/Windows 11 Home) AL15-52 Thin and Lig...,"₹29,480",None,4.6
Lenovo LOQ AMD Ryzen 5 Quad Core 7235HS - (12 GB/512 GB SSD/Windows 11 Home/6 GB Graphics/NVIDIA GeFor...,"₹58,990",None,4
Infinix X Air Pro+ Intel Core i5 13th Gen 1334U - (16 GB/512 GB SSD/Windows 11 Home) XL434 Thin and Li...,"₹49,990",None,4.4
HP 255 G10 (2024) AMD Ryzen 3 Quad Core 7320U - (8 GB/512 GB SSD/Windows 11 Home) 250 G10 Thin and Lig...,"₹26,999",None,4.2
FUTOPIA Ultimus Pro Intel Dual Core Upto 2.8GHz - (8 GB/256 GB SSD/Windows 11 Home) NU14U3INC54BN.MB T...,"₹15,990",None,3.7
"ASUS Vivobook 16X for Creator, Intel Core i5 12th Gen 12500H - (8 GB/512 GB SSD/Windows 11 Home/4 GB G...","₹54,990",None,5
MSI Thin A15 AMD Ryzen 7 Octa Core 7735HS - (16 GB/1 TB SSD/Windows 11 Home/6 GB Graphics/NVIDIA GeFor...,"₹87,990",None,4
HP Intel Core i3 12th Gen 1215U - (8 GB/512 GB SSD/Windows 11 Home) 14s-dq5138tu Thin and Light Laptop,"₹37,990",None,4.1
DELL Inspiron 3520 Intel Core i5 12th Gen 1235U - (8 GB/512 GB SSD/Windows 11 Home) 0IN352010031RINB1M...,"₹45,990",None,2
ASUS Vivobook GO 15 AMD Ryzen 5 Quad Core 7520U - (16 GB/512 GB SSD/Windows 11 Home) E1504FA-NJ549WS T...,"₹40,890",None,1
CHUWI Intel Celeron Quad Core 12th Gen N100 - (8 GB/256 GB SSD/Windows 11 Home) GemiBook Plus Laptop,"₹21,990",None,4.4
MSI Modern 15 Intel Core i5 12th Gen 1235U - (8 GB/512 GB SSD/Windows 11 Home) Modern 15 B12MO-818IN T...,"₹40,990",None,4
"ASUS Vivobook Go 15, with Backlit Keyboard, 12th Gen Intel Core i3 N305 - (8 GB/512 GB SSD/Windows 11 ...","₹32,990",None,4
ASUS Vivobook 15 Intel Core i3 12th Gen 1215U - (16 GB/512 GB SSD/Windows 11 Home) X1502ZA-EJ993WS Thi...,"₹36,990",None,4.2
Lenovo IdeaPad Slim 5 Intel Core i7 13th Gen 13700H - (16 GB/1 TB SSD/Windows 11 Home) 16IRL8 Laptop,"₹81,890",None,5
HP Intel Core i5 12th Gen 1235U - (8 GB/1 TB SSD/Windows 11 Home) 15s-fq5331TU Thin and Light Laptop,"₹49,990",None,5
Acer Aspire 3 Backlit Intel Core i5 12th Gen 1235U - (8 GB/512 GB SSD/Windows 11 Home) A324-51 Thin an...,"₹40,990",None,4
Lenovo Yoga Slim 7 Intel Core Ultra 7 155H - (16 GB/1 TB SSD/Windows 11 Home) 14IMH9 Thin and Light La...,"₹96,990",None,3
Infinix Y4 Max Series Intel Core i3 13th Gen 1315U - (8 GB/512 GB SSD/Windows 11 Home) YL613 Thin and ...,"₹29,990",None,1
Acer Aspire 3 Intel Core i7 12th Gen 1255U - (16 GB/512 GB SSD/Windows 11 Home) A324-51 Thin and Light...,"₹51,990",None,3.8
ASUS Vivobook Go 14 AMD Ryzen 3 Quad Core 7320U - (8 GB/512 GB SSD/Windows 11 Home) E1404FA-NK327WS Th...,"₹30,990",None,4.2
ASUS Chromebook Intel Celeron Dual Core N4500 - (4 GB/64 GB EMMC Storage/Chrome OS) CX1400CKA-NK0453 C...,"₹13,990",None,4.3
Lenovo Thinkpad E14 G5 Intel Core i5 13th Gen 1335U with 3 year Warranty - (16 GB/512 GB SSD/Windows 1...,"₹69,000",None,4.3
ASUS Vivobook 15 Intel Core i3 12th Gen 1215U - (8 GB/512 GB SSD/Windows 11 Home) X1502ZA-EJ953WS Thin...,"₹32,990",None,4.3
Lenovo IdeaPad Slim 3 Intel Core i3 13th Gen 1305U - (8 GB/512 GB SSD/Windows 11 Home) 14IRU8 Thin and...,"₹36,190",None,4.4
None,None,None,4
None,None,None,4
None,None,None,4.3
None,None,None,4.2
None,None,None,4.3
None,None,None,4.4
None,None,None,4.3
None,None,None,4.8
None,None,None,4
None,None,None,4.4
None,None,None,4.2
None,None,None,4.3
None,None,None,4
None,None,None,4.3
None,None,None,4.3
None,None,None,4.3
None,None,None,4.2
None,None,None,4.3
None,None,None,4.3
None,None,None,5
None,None,None,5
None,None,None,4.3
None,None,None,4
None,None,None,5
None,None,None,4.3
None,None,None,5
None,None,None,5
None,None,None,4
None,None,None,3
None,None,None,1
None,None,None,4.2
None,None,None,5
None,None,None,1
None,None,None,3.7
None,None,None,4.4
None,None,None,4.2
None,None,None,4.2
None,None,None,4.5
None,None,None,4.8
None,None,None,4.2
None,None,None,4.1
None,None,None,4.2
None,None,None,4.2
None,None,None,4.2
None,None,None,4.1
None,None,None,4.3
None,None,None,4.1
None,None,None,4.3
None,None,None,4.1
None,None,None,4.2
None,None,None,3.9
None,None,None,4.2
None,None,None,4.4
None,None,None,4.3
None,None,None,4.2
None,None,None,4.3
None,None,None,4.1
None,None,None,4
None,None,None,5
None,None,None,3.7
None,None,None,5
None,None,None,4
None,None,None,4.2
None,None,None,4
None,None,None,1
None,None,None,4.4
None,None,None,4
None,None,None,4
None,None,None,4.2
None,None,None,4
None,None,None,4
None,None,None,4.2
None,None,None,4.3
None,None,None,4.3
None,None,None,4.3
None,None,None,4.3
None,None,None,4.3
None,None,None,4.1
None,None,None,4.1
None,None,None,4.5
None,None,None,4.3
None,None,None,4.2
None,None,None,4.4
None,None,None,4.4
None,None,None,4.4
None,None,None,4
None,None,None,4.1
None,None,None,4.3
None,None,None,4.8
None,None,None,4
None,None,None,4.3
None,None,None,4.7
None,None,None,4.3
None,None,None,4.1
None,None,None,4.1
None,None,None,4
None,None,None,5
None,None,None,4.3
None,None,None,4
None,None,None,3
None,None,None,4
None,None,None,5
None,None,None,2
None,None,None,4
None,None,None,3
None,None,None,1
None,None,None,4.1
None,None,None,5
None,None,None,3
None,None,None,4.4
None,None,None,4.6
None,None,None,4.4
None,None,None,2.5
None,None,None,4.1
None,None,None,4.6
None,None,None,4.2
None,None,None,4.2
None,None,None,4.1
None,None,None,4.1
None,None,None,4.3
None,None,None,4.3
None,None,None,4.3
None,None,None,4.2
None,None,None,4.2
None,None,None,4.1
None,None,None,4.2
None,None,None,4.3
None,None,None,4.3
None,None,None,4.3
None,None,None,3.8
None,None,None,4.1
None,None,None,4.3
None,None,None,4.3
None,None,None,4.4
None,None,None,5
None,None,None,5
None,None,None,4.6
None,None,None,4
None,None,None,5
None,None,None,4.1
None,None,None,4
None,None,None,3
None,None,None,4.3
None,None,None,3
None,None,None,3
None,None,None,4.4
None,None,None,5
None,None,None,4
